Run,Plate,Row,Column,Barcode,Sequence (5' - 3'),,
RR,1,A,1,SG_MULTI-seq_BC1,CCTTGGCACCCGAGAATTCCAGGAGAAGAAAAAAAAAAAAAAAAAAAAAAAAAAAAAAA,,
RR,1,A,2,SG_MULTI-seq_BC2,CCTTGGCACCCGAGAATTCCACCACAATGAAAAAAAAAAAAAAAAAAAAAAAAAAAAAA,,
RR,1,A,3,SG_MULTI-seq_BC3,CCTTGGCACCCGAGAATTCCATGAGACCTAAAAAAAAAAAAAAAAAAAAAAAAAAAAAA,,
RR,1,A,4,SG_MULTI-seq_BC4,CCTTGGCACCCGAGAATTCCAGCACACGCAAAAAAAAAAAAAAAAAAAAAAAAAAAAAA,,
RR,1,A,5,SG_MULTI-seq_BC5,CCTTGGCACCCGAGAATTCCAAGAGAGAGAAAAAAAAAAAAAAAAAAAAAAAAAAAAAA,,
RR,1,A,6,SG_MULTI-seq_BC6,CCTTGGCACCCGAGAATTCCATCACAGCAAAAAAAAAAAAAAAAAAAAAAAAAAAAAAA,,
RR,1,A,7,SG_MULTI-seq_BC7,CCTTGGCACCCGAGAATTCCAGAAAAGGGAAAAAAAAAAAAAAAAAAAAAAAAAAAAAA,,
RR,1,A,8,SG_MULTI-seq_BC8,CCTTGGCACCCGAGAATTCCACGAGATTCAAAAAAAAAAAAAAAAAAAAAAAAAAAAAA,,
RR,1,A,9,SG_MULTI-seq_BC9,CCTTGGCACCCGAGAATTCCAGTAGCACTAAAAAAAAAAAAAAAAAAAAAAAAAAAAAA,,
RR,1,A,10,SG_MULTI-seq_BC10,CCTTGGCACCCGAGAATTCCACGACCAGCAAAAAAAAAAAAAAAAAAAAAAAAAAAAAA,,
RR,1,A,11,SG_MULTI-seq_BC11,CCTTGGCACCCGAGAATTCCATTAGCCAGAAAAAAAAAAAAAAAAAAAAAAAAAAAAAA,,
RR,1,A,12,SG_MULTI-seq_BC12,CCTTGGCACCCGAGAATTCCAGGACCCCAAAAAAAAAAAAAAAAAAAAAAAAAAAAAAA,,
RR,1,B,1,SG_MULTI-seq_BC13,CCTTGGCACCCGAGAATTCCACCAACCGGAAAAAAAAAAAAAAAAAAAAAAAAAAAAAA,,
RR,1,B,2,SG_MULTI-seq_BC14,CCTTGGCACCCGAGAATTCCATGACCGATAAAAAAAAAAAAAAAAAAAAAAAAAAAAAA,,
RR,1,B,3,SG_MULTI-seq_BC15,CCTTGGCACCCGAGAATTCCAGCAACGCCAAAAAAAAAAAAAAAAAAAAAAAAAAAAAA,,
RR,1,B,4,SG_MULTI-seq_BC16,CCTTGGCACCCGAGAATTCCACAATCGGTAAAAAAAAAAAAAAAAAAAAAAAAAAAAAA,,
RR,1,B,5,SG_MULTI-seq_BC17,CCTTGGCACCCGAGAATTCCAATAGCGTCAAAAAAAAAAAAAAAAAAAAAAAAAAAAAA,,
RR,1,B,6,SG_MULTI-seq_BC18,CCTTGGCACCCGAGAATTCCAGAATCTCGAAAAAAAAAAAAAAAAAAAAAAAAAAAAAA,,
RR,1,B,7,SG_MULTI-seq_BC19,CCTTGGCACCCGAGAATTCCACTAGCTGAAAAAAAAAAAAAAAAAAAAAAAAAAAAAAA,,
RR,1,B,8,SG_MULTI-seq_BC20,CCTTGGCACCCGAGAATTCCAAGACCTTGAAAAAAAAAAAAAAAAAAAAAAAAAAAAAA,,
RR,1,B,9,SG_MULTI-seq_BC21,CCTTGGCACCCGAGAATTCCAGAAGGAAGAAAAAAAAAAAAAAAAAAAAAAAAAAAAAA,,
RR,1,B,10,SG_MULTI-seq_BC22,CCTTGGCACCCGAGAATTCCACTACGACAAAAAAAAAAAAAAAAAAAAAAAAAAAAAAA,,
RR,1,B,11,SG_MULTI-seq_BC23,CCTTGGCACCCGAGAATTCCAAGAAGAGGAAAAAAAAAAAAAAAAAAAAAAAAAAAAAA,,
RR,1,B,12,SG_MULTI-seq_BC24,CCTTGGCACCCGAGAATTCCAGTACGCATAAAAAAAAAAAAAAAAAAAAAAAAAAAAAA,,
RR,1,C,1,SG_MULTI-seq_BC25,CCTTGGCACCCGAGAATTCCACGAAGCCCAAAAAAAAAAAAAAAAAAAAAAAAAAAAAA,,
RR,1,C,2,SG_MULTI-seq_BC26,CCTTGGCACCCGAGAATTCCAACATGCGTAAAAAAAAAAAAAAAAAAAAAAAAAAAAAA,,
RR,1,C,3,SG_MULTI-seq_BC27,CCTTGGCACCCGAGAATTCCATAAGGCTCAAAAAAAAAAAAAAAAAAAAAAAAAAAAAA,,
RR,1,C,4,SG_MULTI-seq_BC28,CCTTGGCACCCGAGAATTCCAGGAAGGAAAAAAAAAAAAAAAAAAAAAAAAAAAAAAAA,,
RR,1,C,5,SG_MULTI-seq_BC29,CCTTGGCACCCGAGAATTCCACCATGGCGAAAAAAAAAAAAAAAAAAAAAAAAAAAAAA,,
RR,1,C,6,SG_MULTI-seq_BC30,CCTTGGCACCCGAGAATTCCAAAAGGGGAAAAAAAAAAAAAAAAAAAAAAAAAAAAAAA,,
RR,1,C,7,SG_MULTI-seq_BC31,CCTTGGCACCCGAGAATTCCATTACGGTGAAAAAAAAAAAAAAAAAAAAAAAAAAAAAA,,
RR,1,C,8,SG_MULTI-seq_BC32,CCTTGGCACCCGAGAATTCCAGCATGTACAAAAAAAAAAAAAAAAAAAAAAAAAAAAAA,,
RR,1,C,9,SG_MULTI-seq_BC33,CCTTGGCACCCGAGAATTCCACAAGGTCTAAAAAAAAAAAAAAAAAAAAAAAAAAAAAA,,
RR,1,C,10,SG_MULTI-seq_BC34,CCTTGGCACCCGAGAATTCCAATACGTGCAAAAAAAAAAAAAAAAAAAAAAAAAAAAAA,,
RR,1,C,11,SG_MULTI-seq_BC35,CCTTGGCACCCGAGAATTCCAGCAGTATCAAAAAAAAAAAAAAAAAAAAAAAAAAAAAA,,
RR,1,C,12,SG_MULTI-seq_BC36,CCTTGGCACCCGAGAATTCCAAGATTCCGAAAAAAAAAAAAAAAAAAAAAAAAAAAAAA,,
RR,1,D,1,SG_MULTI-seq_BC37,CCTTGGCACCCGAGAATTCCATCAGTCGAAAAAAAAAAAAAAAAAAAAAAAAAAAAAAA,,
RR,1,D,2,SG_MULTI-seq_BC38,CCTTGGCACCCGAGAATTCCAGAACTCTGAAAAAAAAAAAAAAAAAAAAAAAAAAAAAA,,
RR,1,D,3,SG_MULTI-seq_BC39,CCTTGGCACCCGAGAATTCCACGATTGACAAAAAAAAAAAAAAAAAAAAAAAAAAAAAA,,
RR,1,D,4,SG_MULTI-seq_BC40,CCTTGGCACCCGAGAATTCCAACAGTGCTAAAAAAAAAAAAAAAAAAAAAAAAAAAAAA,,
RR,1,D,5,SG_MULTI-seq_BC41,CCTTGGCACCCGAGAATTCCATAACTGGCAAAAAAAAAAAAAAAAAAAAAAAAAAAAAA,,
RR,1,D,6,SG_MULTI-seq_BC42,CCTTGGCACCCGAGAATTCCACCAGTTAGAAAAAAAAAAAAAAAAAAAAAAAAAAAAAA,,
RR,1,D,7,SG_MULTI-seq_BC43,CCTTGGCACCCGAGAATTCCAGGCTAACTAAAAAAAAAAAAAAAAAAAAAAAAAAAAAA,,
RR,1,D,8,SG_MULTI-seq_BC44,CCTTGGCACCCGAGAATTCCACCCGAAGCAAAAAAAAAAAAAAAAAAAAAAAAAAAAAA,,
RR,1,D,9,SG_MULTI-seq_BC45,CCTTGGCACCCGAGAATTCCATGCTACAGAAAAAAAAAAAAAAAAAAAAAAAAAAAAAA,,
RR,1,D,10,SG_MULTI-seq_BC46,CCTTGGCACCCGAGAATTCCAGCCGACCAAAAAAAAAAAAAAAAAAAAAAAAAAAAAAA,,
RR,1,D,11,SG_MULTI-seq_BC47,CCTTGGCACCCGAGAATTCCACACCACGGAAAAAAAAAAAAAAAAAAAAAAAAAAAAAA,,
RR,1,D,12,SG_MULTI-seq_BC48,CCTTGGCACCCGAGAATTCCATCCGAGATAAAAAAAAAAAAAAAAAAAAAAAAAAAAAA,,
RR,1,E,1,SG_MULTI-seq_BC49,CCTTGGCACCCGAGAATTCCAGACCAGCCAAAAAAAAAAAAAAAAAAAAAAAAAAAAAA,,
RR,1,E,2,SG_MULTI-seq_BC50,CCTTGGCACCCGAGAATTCCACTCAAGGTAAAAAAAAAAAAAAAAAAAAAAAAAAAAAA,,
RR,1,E,3,SG_MULTI-seq_BC51,CCTTGGCACCCGAGAATTCCAAGCTAGTCAAAAAAAAAAAAAAAAAAAAAAAAAAAAAA,,
RR,1,E,4,SG_MULTI-seq_BC52,CCTTGGCACCCGAGAATTCCAGTCAATCGAAAAAAAAAAAAAAAAAAAAAAAAAAAAAA,,
RR,1,E,5,SG_MULTI-seq_BC53,CCTTGGCACCCGAGAATTCCACGCTATGAAAAAAAAAAAAAAAAAAAAAAAAAAAAAAA,,
RR,1,E,6,SG_MULTI-seq_BC54,CCTTGGCACCCGAGAATTCCAACCGATTGAAAAAAAAAAAAAAAAAAAAAAAAAAAAAA,,
RR,1,E,7,SG_MULTI-seq_BC55,CCTTGGCACCCGAGAATTCCAGTCTCAAGAAAAAAAAAAAAAAAAAAAAAAAAAAAAAA,,
RR,1,E,8,SG_MULTI-seq_BC56,CCTTGGCACCCGAGAATTCCACGCGCACAAAAAAAAAAAAAAAAAAAAAAAAAAAAAAA,,
RR,1,E,9,SG_MULTI-seq_BC57,CCTTGGCACCCGAGAATTCCAACCCCAGGAAAAAAAAAAAAAAAAAAAAAAAAAAAAAA,,
RR,1,E,10,SG_MULTI-seq_BC58,CCTTGGCACCCGAGAATTCCAGGCGCCATAAAAAAAAAAAAAAAAAAAAAAAAAAAAAA,,
RR,1,E,11,SG_MULTI-seq_BC59,CCTTGGCACCCGAGAATTCCAAACACCGTAAAAAAAAAAAAAAAAAAAAAAAAAAAAAA,,
RR,1,E,12,SG_MULTI-seq_BC60,CCTTGGCACCCGAGAATTCCATTCTCCTCAAAAAAAAAAAAAAAAAAAAAAAAAAAAAA,,
RR,1,F,1,SG_MULTI-seq_BC61,CCTTGGCACCCGAGAATTCCAGCCCCGAAAAAAAAAAAAAAAAAAAAAAAAAAAAAAAA,,
RR,1,F,2,SG_MULTI-seq_BC62,CCTTGGCACCCGAGAATTCCACACACGCGAAAAAAAAAAAAAAAAAAAAAAAAAAAAAA,,
RR,1,F,3,SG_MULTI-seq_BC63,CCTTGGCACCCGAGAATTCCAATCTCGGAAAAAAAAAAAAAAAAAAAAAAAAAAAAAAA,,
RR,1,F,4,SG_MULTI-seq_BC64,CCTTGGCACCCGAGAATTCCATGCGCGTGAAAAAAAAAAAAAAAAAAAAAAAAAAAAAA,,
RR,1,F,5,SG_MULTI-seq_BC65,CCTTGGCACCCGAGAATTCCAGACACTACAAAAAAAAAAAAAAAAAAAAAAAAAAAAAA,,
RR,1,F,6,SG_MULTI-seq_BC66,CCTTGGCACCCGAGAATTCCACTCTCTCTAAAAAAAAAAAAAAAAAAAAAAAAAAAAAA,,
RR,1,F,7,SG_MULTI-seq_BC67,CCTTGGCACCCGAGAATTCCAAGCGCTGCAAAAAAAAAAAAAAAAAAAAAAAAAAAAAA,,
RR,1,F,8,SG_MULTI-seq_BC68,CCTTGGCACCCGAGAATTCCATCCCCTTTAAAAAAAAAAAAAAAAAAAAAAAAAAAAAA,,
RR,1,F,9,SG_MULTI-seq_BC69,CCTTGGCACCCGAGAATTCCACTCGGAATAAAAAAAAAAAAAAAAAAAAAAAAAAAAAA,,
RR,1,F,10,SG_MULTI-seq_BC70,CCTTGGCACCCGAGAATTCCAAGCCGACCAAAAAAAAAAAAAAAAAAAAAAAAAAAAAA,,
RR,1,F,11,SG_MULTI-seq_BC71,CCTTGGCACCCGAGAATTCCATCCAGAGTAAAAAAAAAAAAAAAAAAAAAAAAAAAAAA,,
RR,1,F,12,SG_MULTI-seq_BC72,CCTTGGCACCCGAGAATTCCAGACTGATCAAAAAAAAAAAAAAAAAAAAAAAAAAAAAA,,
RR,1,G,1,SG_MULTI-seq_BC73,CCTTGGCACCCGAGAATTCCACGCCGCAAAAAAAAAAAAAAAAAAAAAAAAAAAAAAAA,,
RR,1,G,2,SG_MULTI-seq_BC74,CCTTGGCACCCGAGAATTCCAACCAGCCGAAAAAAAAAAAAAAAAAAAAAAAAAAAAAA,,
RR,1,G,3,SG_MULTI-seq_BC75,CCTTGGCACCCGAGAATTCCATACTGCGAAAAAAAAAAAAAAAAAAAAAAAAAAAAAAA,,
RR,1,G,4,SG_MULTI-seq_BC76,CCTTGGCACCCGAGAATTCCAGTCGGCTGAAAAAAAAAAAAAAAAAAAAAAAAAAAAAA,,
RR,1,G,5,SG_MULTI-seq_BC77,CCTTGGCACCCGAGAATTCCACCCAGGACAAAAAAAAAAAAAAAAAAAAAAAAAAAAAA,,
RR,1,G,6,SG_MULTI-seq_BC78,CCTTGGCACCCGAGAATTCCAAACTGGCTAAAAAAAAAAAAAAAAAAAAAAAAAAAAAA,,
RR,1,G,7,SG_MULTI-seq_BC79,CCTTGGCACCCGAGAATTCCATTCGGGGCAAAAAAAAAAAAAAAAAAAAAAAAAAAAAA,,
RR,1,G,8,SG_MULTI-seq_BC80,CCTTGGCACCCGAGAATTCCAGGCCGGTTAAAAAAAAAAAAAAAAAAAAAAAAAAAAAA,,
RR,1,G,9,SG_MULTI-seq_BC81,CCTTGGCACCCGAGAATTCCACACTGTAGAAAAAAAAAAAAAAAAAAAAAAAAAAAAAA,,
RR,1,G,10,SG_MULTI-seq_BC82,CCTTGGCACCCGAGAATTCCAATCGGTCAAAAAAAAAAAAAAAAAAAAAAAAAAAAAAA,,
RR,1,G,11,SG_MULTI-seq_BC83,CCTTGGCACCCGAGAATTCCATGCCGTGGAAAAAAAAAAAAAAAAAAAAAAAAAAAAAA,,
RR,1,G,12,SG_MULTI-seq_BC84,CCTTGGCACCCGAGAATTCCAGCCAGTTAAAAAAAAAAAAAAAAAAAAAAAAAAAAAAA,,
RR,1,H,1,SG_MULTI-seq_BC85,CCTTGGCACCCGAGAATTCCATGCATACGAAAAAAAAAAAAAAAAAAAAAAAAAAAAAA,,
RR,1,H,2,SG_MULTI-seq_BC86,CCTTGGCACCCGAGAATTCCAGCCTTAGAAAAAAAAAAAAAAAAAAAAAAAAAAAAAAA,,
RR,1,H,3,SG_MULTI-seq_BC87,CCTTGGCACCCGAGAATTCCACACGTATGAAAAAAAAAAAAAAAAAAAAAAAAAAAAAA,,
RR,1,H,4,SG_MULTI-seq_BC88,CCTTGGCACCCGAGAATTCCAAGCATCACAAAAAAAAAAAAAAAAAAAAAAAAAAAAAA,,
RR,1,H,5,SG_MULTI-seq_BC89,CCTTGGCACCCGAGAATTCCATCCTTCCTAAAAAAAAAAAAAAAAAAAAAAAAAAAAAA,,
RR,1,H,6,SG_MULTI-seq_BC90,CCTTGGCACCCGAGAATTCCAGACGTCGCAAAAAAAAAAAAAAAAAAAAAAAAAAAAAA,,
RR,1,H,7,SG_MULTI-seq_BC91,CCTTGGCACCCGAGAATTCCACTCCTCTTAAAAAAAAAAAAAAAAAAAAAAAAAAAAAA,,
RR,1,H,8,SG_MULTI-seq_BC92,CCTTGGCACCCGAGAATTCCAACCTTGAGAAAAAAAAAAAAAAAAAAAAAAAAAAAAAA,,
RR,1,H,9,SG_MULTI-seq_BC93,CCTTGGCACCCGAGAATTCCATACGTGCAAAAAAAAAAAAAAAAAAAAAAAAAAAAAAA,,
RR,1,H,10,SG_MULTI-seq_BC94,CCTTGGCACCCGAGAATTCCAGTCCTGGGAAAAAAAAAAAAAAAAAAAAAAAAAAAAAA,,
RR,1,H,11,SG_MULTI-seq_BC95,CCTTGGCACCCGAGAATTCCACGCATGTAAAAAAAAAAAAAAAAAAAAAAAAAAAAAAA,,
RR,1,H,12,SG_MULTI-seq_BC96,CCTTGGCACCCGAGAATTCCATTCCTTCCAAAAAAAAAAAAAAAAAAAAAAAAAAAAAA,,
